ID,userName,password,firstName,lastName,phoneNumber,emailAddress,isReviewer,isAdmin
1,MProudfoot13,lIbrar(y66,Miranda,Proudfoot,228-342-9728,rparker@hotma1l.us,1,0
2,CThingol12,Throu@gh39,Cindy,Thingol,307-149-5655,writecame@somema1l.biz,1,1
3,EEcthelion57,Shoul!d61,Eileen,Ecthelion,252-423-9765,ithatch@ma1l2u.com,1,1
4,RStormcrow47,vis)ioNs58,Rachel,Stormcrow,401-331-3749,lreilly@ma1l2u.net,1,0
5,CElrond84,compUter%94,Cassandra,Elrond,479-395-6341,bblake@gma1l.biz,0,1
6,DOri43,w!roNg13,Dana,Ori,701-291-6394,pwalker@ma1lbox.org,0,0
7,MHamfast12,ligH%t93,Melinda,Hamfast,,awatts@ma1lbox.net,0,0
8,KDori41,D)reams15,Kathryn,Dori,206-744-6489,rreed97@somema1l.biz,1,1
9,AHalbarad79,lib^rAry15,Adrianna,Halbarad,,monsterwhere@yah00.co.uk,1,1
10,AElrohir58,hat$Ch43,Aphrodite,Elrohir,,brichards@gma1l.us,0,1
11,EThe Brown65,secreTl^y37,Elizabeth,The Brown,276-774-6597,movedsuspense@b1zmail.org,1,0
12,AWormtongue11,Islan$d45,Amanda,Wormtongue,314-819-0766,gooddreams@ma1lbox.net,1,0
13,LElladan84,numBe*rs56,Liv,Elladan,603-183-7725,tohandled@ma1lbox.us,1,1
14,ANori73,libRary*49,Autumn,Nori,,chutchinson@ma1lbox.co.uk,0,0
15,ELurtz72,e@ndiNg38,Elizabeth,Lurtz,304-278-1406,ndonovan@b1zmail.us,0,1
16,AShadowfax24,compu^teR23,Aphrodite,Shadowfax,,textto@ma1l2u.us,0,0
17,EEowyn35,computEr%27,Eleanor,Eowyn,218-452-8353,amalone@b1zmail.net,1,1
18,JBeregond10,aboU@t44,Jenny,Beregond,,tayala93@ma1l2u.com,0,0
19,NTulkas87,Windo$w46,Nicole,Tulkas,385-132-8129,headphonesdo@yah00.biz,0,1
20,AMorgoth93,Tryin#g83,Adrianna,Morgoth,205-418-8467,enterpeople18@somema1l.com,0,1
21,HErkenbrand05,computE*r40,Helen,Erkenbrand,252-057-6457,thiscaves34@everyma1l.us,1,0
22,BHuan13,sHo(uld67,Bailey,Huan,307-656-9880,warpwhat@hotma1l.org,1,0
23,MBracegirdle80,libRary)30,Mary,Bracegirdle,808-539-3807,secretlyenter@everyma1l.co.uk,0,1
24,GManwe62,Wic@ket39,Gabbi,Manwe,203-720-8619,wrongthe68@b1zmail.us,0,1
25,JGoldberry90,w%ickEt56,Judith,Goldberry,458-859-3998,mbenton@hotma1l.us,1,1
26,SIlluvatar79,Ba^dly26,Stephanie,Illuvatar,859-970-0562,probablymagnetic@gma1l.us,0,1
27,MWillow20,lIgh^t38,Megan,Willow,316-992-0329,holdcomputer@b1zmail.us,0,1
28,SErestor47,libRary%26,Sage,Erestor,303-173-4597,,1,1
29,KBifur11,wickEt)93,Kelsey,Bifur,307-403-4191,dhorn@hotma1l.com,1,0
30,NBombur01,thRow@07,Nadine,Bombur,252-700-5465,bfernandez@hotma1l.org,1,1
31,EMandos30,Wo!rld47,Emma,Mandos,505-467-2040,,1,0
32,ENimloth63,compUter^83,Emma,Nimloth,,esalinas@ma1lbox.co.uk,1,0
33,AGandalf64,aSser$t29,Amy,Gandalf,,hadsits@b1zmail.org,0,0
34,CAldarion62,W^hile45,Cassandra,Aldarion,229-623-3532,dmitchell@yah00.us,0,0
35,MOri05,monS#ter90,Melinda,Ori,803-539-0978,handledworn@yah00.org,0,0
36,ADeagol68,l!ibrAry29,Annabella,Deagol,803-297-5567,asantos54@b1zmail.us,1,1
37,LKementari15,asSe^rt86,Lara,Kementari,401-224-5462,islandpull@ma1lbox.com,1,0
38,CIngwe43,thrOu%gh11,Crystal,Ingwe,603-174-8170,theyhandled@yah00.us,1,0
39,MTelchar46,s*Ecretly11,Melissa,Telchar,,vbutler71@b1zmail.org,0,1
40,JRadagast89,h^Atch37,Jessie,Radagast,231-142-8260,dbriggs@b1zmail.org,0,0
41,SMithrandir35,trY(ing44,Stephanie,Mithrandir,406-251-8418,jkey@yah00.co.uk,1,1
42,MNimrodel26,secret*lY76,Melissa,Nimrodel,201-883-5117,ssimmons@gma1l.org,1,0
43,SUngoliant54,com$putEr80,Shelby,Ungoliant,423-275-8184,,0,1
44,MGaladriel47,shouL^d16,Megan,Galadriel,218-541-4625,ggardner@ma1lbox.us,1,1
45,DBifur91,thrOw)40,Dana,Bifur,605-322-9072,thisof@hotma1l.org,1,1
46,JKementari69,shou!Ld81,Jessica,Kementari,206-597-1191,ddaniel22@yah00.com,0,0
47,CImrahil53,cA*ptain17,Claire,Imrahil,304-067-9054,waitedit@somema1l.us,1,0
48,KElwing55,p%eopLe51,Katherine,Elwing,303-589-3796,aprince@ma1lbox.net,1,1
49,MArwen98,co%mpuTer73,Molly,Arwen,,hotelse@gma1l.us,1,0
50,JVarda74,se#cRetly83,Judith,Varda,505-905-1745,,0,1
51,CDeagol65,numbE*rs79,Chelsea,Deagol,207-993-8689,itso@b1zmail.biz,1,1
52,BMelkor95,winD@ow46,Brianna,Melkor,505-972-7209,rperkins22@b1zmail.co.uk,1,0
53,BKhamul64,coMp*uter87,Bailey,Khamul,,cbaker@gma1l.co.uk,1,0
54,FSauruman59,aS*sert14,Felicity,Sauruman,239-633-5239,secretlywrite@hotma1l.org,1,1
55,AElrohir26,co)mputEr15,April,Elrohir,405-263-0611,rrasmussen@somema1l.us,1,0
56,ADamrod75,ra*bbiT11,Angie,Damrod,314-808-9536,thampton@everyma1l.net,0,1
57,EThorondor49,Bui)ld76,Eleanor,Thorondor,405-041-5016,,0,0
58,ATelchar58,vis)Ions44,Aileen,Telchar,513-296-6499,mroman@everyma1l.com,0,1
59,JNesa67,wi#ckeT07,Judith,Nesa,307-462-3840,mfields@b1zmail.biz,0,1
60,AQuickbeam64,caPt$ain20,Amy,Quickbeam,802-585-9242,,0,0
61,AErestor05,lIg^ht45,Aphrodite,Erestor,239-817-5048,tmontgomery@yah00.org,0,0
62,EFingolfin54,Lig#ht65,Elizabeth,Fingolfin,308-262-2631,cromero@ma1lbox.com,1,1
63,JFili84,m(oNster80,Jenny,Fili,316-565-6725,cvance@yah00.net,0,0
64,MElwing76,secretl$Y71,Mary,Elwing,303-519-7267,cameplane@hotma1l.us,0,1
65,JAnnatar15,interEst^57,Juliet,Annatar,701-876-9623,thurley@somema1l.com,1,1
66,SBeregond41,baDly#16,Sandra,Beregond,239-615-5128,jhicks@somema1l.us,0,0
67,ATurambar69,p^iquE56,April,Turambar,304-934-9259,hdaugherty19@b1zmail.com,0,1
68,LIsildur79,a@ssErt05,Liv,Isildur,458-005-6817,whilebuild@everyma1l.com,0,0
69,CElrohir74,cAp)tain12,Chloe,Elrohir,406-597-0500,visionsin63@hotma1l.us,1,0
70,AFinwe22,Captai#n53,Audrey,Finwe,,it'sweb@yah00.biz,1,1
71,CMithrandir66,visiOns)05,Crystal,Mithrandir,603-274-3523,hbennett33@ma1lbox.com,0,0
72,JElrond95,libRary$10,Jade,Elrond,209-206-5285,tooklots69@gma1l.biz,0,0
73,BGandalf11,thr)Ough10,Bethany,Gandalf,262-040-7428,,0,1
74,NAnnatar80,s^Idekick34,Norah,Annatar,228-687-1647,inthis@b1zmail.net,0,0
75,LOakenshield72,secre(tLy89,Liv,Oakenshield,,dmathews@yah00.org,1,0
76,DBalin96,a#lwAys93,Delilah,Balin,205-377-3018,jhamilton20@gma1l.biz,1,1
77,BIdril08,librarY(78,Bethany,Idril,262-174-2971,moveddo@yah00.biz,1,0
78,SAngrod27,numb@Ers10,Sydney,Angrod,406-595-9220,ballenter48@yah00.com,1,0
79,FFerny66,p#rObably55,Felicity,Ferny,231-273-0720,jgeorge@somema1l.co.uk,1,0
80,VStormcrow11,asSert%98,Vanessa,Stormcrow,702-327-2003,whowho25@everyma1l.org,0,0
81,CCotton08,libRar)y87,Chelsea,Cotton,,,1,1
82,EMandos95,numbeR)s98,Ellen,Mandos,209-292-2792,towith@ma1l2u.com,0,1
83,RAldarion76,resc)uE25,Raven,Aldarion,207-193-7876,hknight@yah00.org,1,0
84,ADori86,v^isioNs94,Abby,Dori,513-490-3958,interestsofa@ma1lbox.us,0,1
85,MKili45,Th%rough12,Molly,Kili,,tryinghold@gma1l.org,1,1
86,ACurufin13,si!dekIck47,Audrey,Curufin,209-711-9525,rware@somema1l.org,0,1
87,GBolger29,visI)ons44,Gabbi,Bolger,401-603-0211,peopledad@b1zmail.org,0,1
88,SAldarion15,While*36,Sylvia,Aldarion,205-298-3795,or maybewrite@somema1l.com,0,0
89,JErkenbrand45,throW*62,Jessie,Erkenbrand,319-080-9566,automaticallyis@everyma1l.biz,0,0
90,ATreebeard52,eNter(67,Annabella,Treebeard,480-448-3979,bhyde@ma1lbox.net,0,1
91,JTook69,ba(dlY94,Juliet,Took,219-019-8081,vcontreras@ma1lbox.biz,0,1
92,SMorgoth16,capT(ain37,Savannah,Morgoth,215-830-7423,itends39@b1zmail.org,1,0
93,TDeagol85,wickeT*58,Trinity,Deagol,316-966-7170,rmann@gma1l.com,1,0
94,AEomer73,piQu^e50,Aileen,Eomer,201-768-1310,mpowers@yah00.net,1,0
95,SFinarfin71,C*omputer37,Sage,Finarfin,423-289-6548,gjarvis@somema1l.us,0,1
96,MFingolfin74,l!ibraRy36,Mackenzie,Fingolfin,319-464-1141,cflores@ma1l2u.co.uk,1,1
97,BKhamul77,liBr%ary91,Brooke,Khamul,225-887-8321,smokeout@ma1l2u.co.uk,1,0
98,BBracegirdle97,deMand%ed41,Bailey,Bracegirdle,,toto@yah00.com,1,0
99,ZStormcrow08,secretLy#59,Zelda,Stormcrow,,lperkins@ma1l2u.co.uk,1,0
100,RSackville54,i(ntereSt92,Raven,Sackville,505-584-5192,whitecomputer@hotma1l.net,0,0
